"%Acm. Valor","Código Produto","Produto : Fornecedor Principal","Código Fornecedor Principal","Embalagem Compra","Quantidade","Nro Doctos","Nro Itens","Nro Fornec.","Valor Entrada","%Partic. Vlr Entr.","Peso Bruto","%Partic. Peso Br.","Peso Líquido","Média Qtd por Docto","Média Valor por Docto","Média Valor por Fornec","Custo Bruto","%Partic. Custo Br.","Custo Liquido","Total do Produto","Total da NF","Valor de Despesas","Compror","Valor de Descontos","Descontos Diversos","Descontos  Transf. PIS","Descontos  Transf. COFINS","Descontos  Transf. IPI","Descontos  Transf. Lucro","Descontos  Transf. Verba","Descontos  Transf. Diferença","Descontos Transferências","Descontos Totais","Base Cálc. IPI","Valor IPI","Valor FCP ICMS","Valor FCPST","Valor ICMS ST","Base Cálc. ICMS","Crédito ICMS","Crédito PIS","Crédito COFINS","Crédito IPI","Imposto Presumido","Custo Fiscal Unit.","Custo Fiscal Total (Estq)","Custo Fiscal Total","Despesa Fixa","Desconto Fixo","Descontos Transf. Rest.ICMS/ST","Prazo Médio  de Pagamento"
"0,12","115351","AMAC. ROUPA COMFORT 1800ML BRISA FLORAL : UNILEVER BRASIL LTDA HC","1941","CX 6","570,000","3","1","1","45.664,22","0,12","6.594,900","0,17","6.156,000","190,0","15.221,41","45.664,22","45.664,22","0,13","42.461,59","39.344,40","45.433,73","230,49","0,00","0,00","0,00","0,00","0,00","0,00","0,00","0,00","0,00","0,00","0,00","0,00","0,00","0,00","0,00","6.089,33","39.344,40","0,00","571,28","2.631,35","0,00","0,00","12,4790","27.478,80","42.678,25","0,00","0,00","0,00","28,00"
"0,16","114998","AMAC. ROUPA COMFORT 1800ML BRISA TROPICAL : UNILEVER BRASIL LTDA HC","1941","CX 6","180,000","1","1","1","14.214,35","0,04","2.082,600","0,06","1.944,000","180,0","14.214,35","14.214,35","14.214,35","0,04","13.217,43","12.247,20","14.142,70","71,65","0,00","0,00","0,00","0,00","0,00","0,00","0,00","0,00","0,00","0,00","0,00","0,00","0,00","0,00","0,00","1.895,50","12.247,20","0,00","177,83","819,09","0,00","0,00","11,7600","15.311,58","12.700,85","0,00","0,00","0,00","28,00"
"0,74","114997","AMAC. ROUPA COMFORT 1800ML EXPLOSAO AZUL : UNILEVER BRASIL LTDA HC","1941","CX 6","2.660,000","2","1","1","212.690,97","0,58","30.776,200","0,82","28.728,000","1.330,0","106.345,49","212.690,97","212.690,97","0,60","197.774,06","183.254,40","211.616,68","1.074,29","0,00","0,00","0,00","0,00","0,00","0,00","0,00","0,00","0,00","0,00","0,00","0,00","0,00","0,00","0,00","28.362,28","183.254,40","0,00","2.660,85","12.256,05","0,00","0,00","12,4288","154.589,04","198.363,17","0,00","0,00","0,00","28,00"
"1,37","114999","AMAC. ROUPA COMFORT 1800ML PURO CUIDADO : UNILEVER BRASIL LTDA HC","1941","CX 6","2.860,000","5","1","1","228.981,43","0,63","33.090,200","0,88","30.888,000","572,0","45.796,29","228.981,43","228.981,43","0,65","212.922,17","197.288,26","227.822,57","1.158,86","0,00","0,00","0,00","0,00","0,00","0,00","0,00","0,00","0,00","0,00","0,00","0,00","0,00","0,00","0,00","30.534,31","197.288,26","0,00","2.864,62","13.194,64","0,00","0,00","12,4902","111.887,25","214.331,90","0,00","0,00","0,00","28,00"
"1,62","114105","AMAC.ROUPA COMFORT CONC. 1.5L FR : UNILEVER BRASIL LTDA HC","1941","CX 9","480,000","6","1","2","90.000,59","0,25","7.118,400","0,19","7.118,400","80,0","15.000,10","45.000,30","90.000,59","0,25","83.696,16","80.429,80","89.436,65","563,94","0,00","0,00","0,00","0,00","0,00","0,00","0,00","0,00","0,00","0,00","0,00","0,00","0,00","0,00","0,00","9.006,85","80.429,80","0,00","1.124,57","5.179,85","0,00","0,00","19,3535","26.127,28","83.607,28","0,00","0,00","0,00","28,00"
"1,73","115481","AMAC.ROUPA COMFORT CONC. 1.5L FR BRISA ELEGANTE : UNILEVER BRASIL LTDA HC","1941","CX 9","220,000","5","1","2","41.406,46","0,11","3.262,600","0,09","3.262,600","44,0","8.281,29","20.703,23","41.406,46","0,12","38.504,64","37.436,70","41.166,04","240,42","0,00","0,00","0,00","0,00","0,00","0,00","0,00","0,00","0,00","0,00","0,00","0,00","0,00","0,00","0,00","3.729,34","37.436,70","0,00","517,62","2.384,19","0,00","0,00","19,3849","16.225,18","38.382,15","0,00","0,00","0,00","28,00"
"1,80","115482","AMAC.ROUPA COMFORT CONC. 1.5L FR ENERGIA FLORAL : UNILEVER BRASIL LTDA HC","1941","CX 9","150,000","2","1","1","27.320,00","0,07","2.224,500","0,06","2.224,500","75,0","13.660,00","27.320,00","27.320,00","0,08","25.403,88","23.539,50","27.182,71","137,29","0,00","0,00","0,00","0,00","0,00","0,00","0,00","0,00","0,00","0,00","0,00","0,00","0,00","0,00","0,00","3.643,21","23.539,50","0,00","341,79","1.574,32","0,00","0,00","19,3466","5.281,62","26.117,88","0,00","0,00","0,00","28,00"
"1,85","120696","AMAC.ROUPA COMFORT CONC. 1.5L FR LAVANDA : UNILEVER BRASIL LTDA HC","1941","CX 9","100,000","3","1","2","18.712,50","0,05","1.483,000","0,04","1.483,000","33,3","6.237,50","9.356,25","18.712,50","0,05","17.396,75","16.759,90","18.665,58","46,92","0,00","0,00","0,00","0,00","0,00","0,00","0,00","0,00","0,00","0,00","0,00","0,00","0,00","0,00","0,00","1.905,68","16.759,90","0,00","234,70","1.081,04","0,00","0,00","19,3238","6.434,82","17.391,42","0,00","0,00","0,00","28,00"
"1,93","115581","AMAC.ROUPA COMFORT CONC. 1.5L FR PURO CUIDADO : UNILEVER BRASIL LTDA HC","1941","CX 9","150,000","1","1","1","27.922,96","0,08","2.224,500","0,06","2.224,500","150,0","27.922,96","27.922,96","27.922,96","0,08","25.964,60","24.058,50","27.782,03","140,93","0,00","0,00","0,00","0,00","0,00","0,00","0,00","0,00","0,00","0,00","0,00","0,00","0,00","0,00","0,00","3.723,53","24.058,50","0,00","349,33","1.609,03","0,00","0,00","19,3402","13.750,90","26.109,31","0,00","0,00","0,00","28,00"
"2,57","83779","AMAC.ROUPA COMFORT CONC. 1L FRESCOR INTENSO : UNILEVER BRASIL LTDA HC","1941","CX 12","1.386,000","5","1","1","232.479,28","0,64","18.627,840","0,49","16.632,000","277,2","46.495,86","232.479,28","232.479,28","0,66","216.142,19","215.387,04","231.763,36","715,92","0,00","0,00","0,00","0,00","0,00","0,00","0,00","0,00","0,00","0,00","0,00","0,00","0,00","0,00","0,00","16.376,32","215.387,04","0,00","2.914,18","13.422,91","0,00","0,00","12,8902","40.655,80","214.390,41","0,00","0,00","0,00","31,83"
"2,90","83777","AMAC.ROUPA COMFORT CONC. 1L PURO CUIDADO : UNILEVER BRASIL LTDA HC","1941","CX 12","726,000","3","1","1","121.608,59","0,33","9.757,440","0,26","8.712,000","242,0","40.536,20","121.608,59","121.608,59","0,34","113.057,96","112.730,64","121.301,77","306,82","0,00","0,00","0,00","0,00","0,00","0,00","0,00","0,00","0,00","0,00","0,00","0,00","0,00","0,00","0,00","8.571,13","112.730,64","0,00","1.525,25","7.025,38","0,00","0,00","12,8938","21.158,72","112.330,74","0,00","0,00","0,00","30,47"
"2,91","120787","AMAC.ROUPA COMFORT CONC. 1L. SEGREDOS 36 : UNILEVER BRASIL LTDA HC","1941","CX 12","20,000","1","1","1","3.756,30","0,01","268,800","0,01","268,800","20,0","3.756,30","3.756,30","3.756,30","0,01","3.492,86","3.236,40","3.737,30","19,00","0,00","0,00","0,00","0,00","0,00","0,00","0,00","0,00","0,00","0,00","0,00","0,00","0,00","0,00","0,00","500,90","3.236,40","0,00","46,99","216,45","0,00","0,00","14,0665","7.173,91","3.375,96","0,00","0,00","0,00","28,00"
"3,01","120788","AMAC.ROUPA COMFORT CONC. 1L. SEGREDOS 48 : UNILEVER BRASIL LTDA HC","1941","CX 12","198,000","1","1","1","35.546,95","0,10","2.661,120","0,07","2.661,120","198,0","35.546,95","35.546,95","35.546,95","0,10","33.086,95","32.432,40","34.898,30","648,65","0,00","0,00","0,00","0,00","0,00","0,00","0,00","0,00","0,00","0,00","0,00","0,00","0,00","0,00","0,00","2.465,90","32.432,40","0,00","438,81","2.021,19","0,00","0,00","13,2453","397,36","31.470,73","0,00","0,00","0,00","28,00"
"3,01","121932","AMAC.ROUPA COMFORT CONC. 400ML. FRESCOR INTENSO : UNILEVER BRASIL LTDA HC","1941","CX 12","1,000","1","1","1","66,75","0,00","5,350","0,00","5,350","1,0","66,75","66,75","61,95","0,00","57,24","62,03","66,75","0,00","0,00","4,80","0,00","0,00","0,00","0,00","0,00","0,00","0,00","0,00","0,00","0,00","0,00","0,00","0,00","4,72","62,03","0,00","0,84","3,87","0,00","0,00","5,3208","44.316,67","63,85","0,00","0,00","0,00","28,00"
"3,04","120789","AMAC.ROUPA COMFORT CONC. 500ML . SEGREDOS 36 : UNILEVER BRASIL LTDA HC","1941","CX 12","126,000","1","1","1","12.039,77","0,03","875,700","0,02","875,700","126,0","12.039,77","12.039,77","12.039,77","0,03","11.195,36","10.373,58","11.979,10","60,67","0,00","0,00","0,00","0,00","0,00","0,00","0,00","0,00","0,00","0,00","0,00","0,00","0,00","0,00","0,00","1.605,52","10.373,58","0,00","150,62","693,79","0,00","0,00","7,1465","5.831,57","10.805,56","0,00","0,00","0,00","28,00"
"3,14","120790","AMAC.ROUPA COMFORT CONC. 500ML . SEGREDOS 48 : UNILEVER BRASIL LTDA HC","1941","CX 12","378,000","3","1","1","36.476,25","0,10","2.627,100","0,07","2.627,100","126,0","12.158,75","36.476,25","36.476,25","0,10","33.918,00","31.428,18","36.292,32","183,93","0,00","0,00","0,00","0,00","0,00","0,00","0,00","0,00","0,00","0,00","0,00","0,00","0,00","0,00","0,00","4.864,14","31.428,18","0,00","456,34","2.101,92","0,00","0,00","7,5300","26.814,41","34.156,18","0,00","0,00","0,00","28,00"
"3,46","92623","AMAC.ROUPA COMFORT CONC. 500ML. BRISA ELEGANTE : UNILEVER BRASIL LTDA HC","1941","CX 12","1.243,000","5","1","2","115.730,45","0,32","8.452,400","0,22","8.452,400","248,6","23.146,09","57.865,23","115.730,45","0,33","107.613,70","99.721,47","115.147,32","583,13","0,00","0,00","0,00","0,00","0,00","0,00","0,00","0,00","0,00","0,00","0,00","0,00","0,00","0,00","0,00","15.425,85","99.721,47","0,00","1.447,85","6.668,90","0,00","0,00","7,2936","44.680,54","108.791,20","0,00","0,00","0,00","28,00"
"3,70","57228","AMAC.ROUPA COMFORT CONC. 500ML. ENERGIA FLORAL : UNILEVER BRASIL LTDA HC","1941","CX 12","956,000","4","1","1","89.168,80","0,24","6.500,800","0,17","6.500,800","239,0","22.292,20","89.168,80","89.168,80","0,25","82.914,85","76.829,80","88.720,74","448,06","0,00","0,00","0,00","0,00","0,00","0,00","0,00","0,00","0,00","0,00","0,00","0,00","0,00","0,00","0,00","11.890,94","76.829,80","0,00","1.115,57","5.138,38","0,00","0,00","7,2611","28.035,26","83.299,79","0,00","0,00","0,00","28,00"
"4,88","20017","AMAC.ROUPA COMFORT CONC. 500ML. FRESCOR INTENSO : UNILEVER BRASIL LTDA HC","1941","CX 12","4.662,000","5","1","1","432.431,39","1,18","31.701,600","0,84","31.701,600","932,4","86.486,28","432.431,39","432.431,39","1,22","402.102,29","372.593,34","430.259,61","2.171,78","0,00","0,00","0,00","0,00","0,00","0,00","0,00","0,00","0,00","0,00","0,00","0,00","0,00","0,00","0,00","57.666,27","372.593,34","0,00","5.410,06","24.919,04","0,00","0,00","7,2188","227.131,98","403.847,93","0,00","0,00","0,00","28,00"
"4,96","120695","AMAC.ROUPA COMFORT CONC. 500ML. LAVANDA : UNILEVER BRASIL LTDA HC","1941","CX 12","332,000","2","1","1","30.849,70","0,08","2.257,600","0,06","2.257,600","166,0","15.424,85","30.849,70","30.849,70","0,09","28.686,06","26.580,36","30.694,20","155,50","0,00","0,00","0,00","0,00","0,00","0,00","0,00","0,00","0,00","0,00","0,00","0,00","0,00","0,00","0,00","4.113,84","26.580,36","0,00","385,94","1.777,70","0,00","0,00","7,2820","24.045,17","29.011,50","0,00","0,00","0,00","28,00"
"5,47","75950","AMAC.ROUPA COMFORT CONC. 500ML. PURO CUIDADO : UNILEVER BRASIL LTDA HC","1941","CX 12","2.016,000","7","1","1","187.558,22","0,51","13.708,800","0,36","13.708,800","288,0","26.794,03","187.558,22","187.558,22","0,53","174.403,98","161.600,04","186.610,89","947,33","0,00","0,00","0,00","0,00","0,00","0,00","0,00","0,00","0,00","0,00","0,00","0,00","0,00","0,00","0,00","25.010,85","161.600,04","0,00","2.346,43","10.807,81","0,00","0,00","7,2596","67.579,87","175.624,90","0,00","0,00","0,00","28,00"
"5,65","121041","AMAC.ROUPA COMFORT CONC. 900ML SC BRISA ELEGANTE : UNILEVER BRASIL LTDA HC","1941","CX 12","450,000","3","1","2","67.143,73","0,18","5.202,000","0,14","5.202,000","150,0","22.381,24","33.571,87","67.143,73","0,19","62.446,62","60.279,00","66.634,72","509,01","0,00","0,00","0,00","0,00","0,00","0,00","0,00","0,00","0,00","0,00","0,00","0,00","0,00","0,00","0,00","6.355,72","60.279,00","0,00","837,86","3.859,24","0,00","0,00","11,6013","25.720,02","62.646,88","0,00","0,00","0,00","28,00"
"5,94","121039","AMAC.ROUPA COMFORT CONC. 900ML SC ENERGIA FLORAL : UNILEVER BRASIL LTDA HC","1941","CX 12","710,000","7","1","2","105.686,94","0,29","8.207,600","0,22","8.207,600","101,4","15.098,13","52.843,47","105.686,94","0,30","98.276,32","94.266,80","105.129,62","557,32","0,00","0,00","0,00","0,00","0,00","0,00","0,00","0,00","0,00","0,00","0,00","0,00","0,00","0,00","0,00","10.862,82","94.266,80","0,00","1.321,89","6.088,73","0,00","0,00","11,7521","47.419,67","100.127,77","0,00","0,00","0,00","28,00"
"6,70","101485","AMAC.ROUPA COMFORT CONC. 900ML SC FRESCOR INTENSO : UNILEVER BRASIL LTDA HC","1941","CX 12","1.890,000","5","1","2","278.602,01","0,76","21.848,400","0,58","21.848,400","378,0","55.720,40","139.301,01","278.602,01","0,79","259.035,42","254.597,00","277.577,99","1.024,02","0,00","0,00","0,00","0,00","0,00","0,00","0,00","0,00","0,00","0,00","0,00","0,00","0,00","0,00","0,00","22.980,99","254.597,00","0,00","3.490,26","16.076,33","0,00","0,00","11,4287","76.183,61","259.202,58","0,00","0,00","0,00","33,16"
"6,99","120694","AMAC.ROUPA COMFORT CONC. 900ML SC LAVANDA : UNILEVER BRASIL LTDA HC","1941","CX 12","730,000","4","1","2","106.786,76","0,29","8.438,800","0,22","8.438,800","182,5","26.696,69","53.393,38","106.786,76","0,30","99.284,56","97.971,30","106.428,88","357,88","0,00","0,00","0,00","0,00","0,00","0,00","0,00","0,00","0,00","0,00","0,00","0,00","0,00","0,00","0,00","8.457,58","97.971,30","0,00","1.338,22","6.163,98","0,00","0,00","11,2682","20.046,18","98.709,70","0,00","0,00","0,00","28,00"
"7,31","101487","AMAC.ROUPA COMFORT CONC. 900ML SC PURO CUIDADO : UNILEVER BRASIL LTDA HC","1941","CX 12","800,000","5","1","2","117.712,60","0,32","9.248,000","0,25","9.248,000","160,0","23.542,52","58.856,30","117.712,60","0,33","109.447,05","108.005,00","117.257,59","455,01","0,00","0,00","0,00","0,00","0,00","0,00","0,00","0,00","0,00","0,00","0,00","0,00","0,00","0,00","0,00","9.252,59","108.005,00","0,00","1.474,40","6.791,15","0,00","0,00","11,4826","19.818,92","110.232,70","0,00","0,00","0,00","33,06"
"7,82","115472","AMAC.ROUPA COMFORT CONC.L500 P400ML BRISA ELEGANTE : UNILEVER BRASIL LTDA HC","1941","CX 12","2.394,000","6","1","1","187.889,46","0,51","16.614,360","0,44","16.614,360","399,0","31.314,91","187.889,46","187.889,46","0,53","174.711,73","161.888,58","186.944,07","945,39","0,00","0,00","0,00","0,00","0,00","0,00","0,00","0,00","0,00","0,00","0,00","0,00","0,00","0,00","0,00","25.055,49","161.888,58","0,00","2.350,62","10.827,11","0,00","0,00","6,1691","120.545,15","177.227,28","0,00","0,00","0,00","28,00"
"10,28","94669","AMAC.ROUPA COMFORT CONC.L500 P400ML FRESCOR INTENS : UNILEVER BRASIL LTDA HC","1941","CX 12","11.456,000","10","1","1","898.193,63","2,46","79.504,640","2,11","79.504,640","1.145,6","89.819,36","898.193,63","898.193,63","2,53","835.198,47","773.896,29","893.672,22","4.521,41","0,00","0,00","0,00","0,00","0,00","0,00","0,00","0,00","0,00","0,00","0,00","0,00","0,00","0,00","0,00","119.775,93","773.896,29","0,00","11.236,97","51.758,18","0,00","0,00","6,1530","343.550,73","845.860,27","0,00","0,00","0,00","28,00"
"11,40","94678","AMAC.ROUPA COMFORT CONC.L500 P400ML P.CUIDADO : UNILEVER BRASIL LTDA HC","1941","CX 12","5.212,000","7","1","1","409.047,16","1,12","36.171,280","0,96","36.171,280","744,6","58.435,31","409.047,16","409.047,16","1,15","380.358,60","352.439,32","406.986,36","2.060,80","0,00","0,00","0,00","0,00","0,00","0,00","0,00","0,00","0,00","0,00","0,00","0,00","0,00","0,00","0,00","54.547,04","352.439,32","0,00","5.117,42","23.571,14","0,00","0,00","6,1758","162.869,31","386.261,86","0,00","0,00","0,00","28,00"
"11,42","120740","AMAC.ROUPA FOFO CONC. 1L AZUL TUDAO : UNILEVER BRASIL LTDA HC","1941","CX 12","50,000","1","1","1","6.527,92","0,02","673,500","0,02","673,500","50,0","6.527,92","6.527,92","6.527,92","0,02","6.070,09","5.624,50","6.495,00","32,92","0,00","0,00","0,00","0,00","0,00","0,00","0,00","0,00","0,00","0,00","0,00","0,00","0,00","0,00","0,00","870,50","5.624,50","0,00","81,67","376,17","0,00","0,00","9,8633","858,11","5.917,97","0,00","0,00","0,00","28,00"
"11,44","120726","AMAC.ROUPA FOFO CONC. L500 P400 ML AZUL TUDAO : UNILEVER BRASIL LTDA HC","1941","CX 12","159,000","3","1","1","8.757,78","0,02","1.106,640","0,03","1.106,640","53,0","2.919,26","8.757,78","8.757,78","0,02","8.143,54","7.545,90","8.713,78","44,00","0,00","0,00","0,00","0,00","0,00","0,00","0,00","0,00","0,00","0,00","0,00","0,00","0,00","0,00","0,00","1.167,88","7.545,90","0,00","109,57","504,67","0,00","0,00","4,3618","274,80","8.322,36","0,00","0,00","0,00","28,00"
"11,46","120743","AMAC.ROUPA FOFO CONC.500ML AMARELO CHAMEGO : UNILEVER BRASIL LTDA HC","1941","CX 12","126,000","1","1","1","8.693,93","0,02","855,540","0,02","855,540","126,0","8.693,93","8.693,93","8.693,93","0,02","8.084,19","7.490,70","8.650,04","43,89","0,00","0,00","0,00","0,00","0,00","0,00","0,00","0,00","0,00","0,00","0,00","0,00","0,00","0,00","0,00","1.159,34","7.490,70","0,00","108,77","500,98","0,00","0,00","5,4019","4.732,07","8.167,68","0,00","0,00","0,00","28,00"
"11,53","120741","AMAC.ROUPA FOFO CONC.500ML AZUL TUDAO : UNILEVER BRASIL LTDA HC","1941","CX 12","377,000","6","1","2","26.028,44","0,07","2.559,830","0,07","2.559,830","62,8","4.338,07","13.014,22","26.028,44","0,07","24.202,90","22.432,06","25.897,82","130,62","0,00","0,00","0,00","0,00","0,00","0,00","0,00","0,00","0,00","0,00","0,00","0,00","0,00","0,00","0,00","3.465,76","22.432,06","0,00","325,64","1.499,90","0,00","0,00","5,4234","8.590,66","24.535,44","0,00","0,00","0,00","28,00"
"11,53","120742","AMAC.ROUPA FOFO CONC.500ML LARANJA VITORIOSO : UNILEVER BRASIL LTDA HC","1941","CX 12","21,000","2","1","2","1.462,40","0,00","142,590","0,00","142,590","10,5","731,20","731,20","1.462,40","0,00","1.359,81","1.265,60","1.455,44","6,96","0,00","0,00","0,00","0,00","0,00","0,00","0,00","0,00","0,00","0,00","0,00","0,00","0,00","0,00","0,00","189,84","1.265,60","0,00","18,30","84,29","0,00","0,00","5,3590","1.816,71","1.350,47","0,00","0,00","0,00","28,00"
"11,55","120744","AMAC.ROUPA FOFO CONC.500ML VERMELHO SENSACAO : UNILEVER BRASIL LTDA HC","1941","CX 12","127,000","2","1","2","8.776,18","0,02","862,330","0,02","862,330","63,5","4.388,09","4.388,09","8.776,18","0,02","8.160,63","7.567,30","8.732,46","43,72","0,00","0,00","0,00","0,00","0,00","0,00","0,00","0,00","0,00","0,00","0,00","0,00","0,00","0,00","0,00","1.165,16","7.567,30","0,00","109,81","505,75","0,00","0,00","5,3793","6.535,82","8.198,01","0,00","0,00","0,00","28,00"
"11,64","120739","AMAC.ROUPA FOFO CONC.900ML SC AZUL TUDAO : UNILEVER BRASIL LTDA HC","1941","CX 12","264,000","4","1","2","31.283,72","0,09","3.072,960","0,08","3.072,960","66,0","7.820,93","15.641,86","31.283,72","0,09","29.086,31","27.585,90","31.173,28","110,44","0,00","0,00","0,00","0,00","0,00","0,00","0,00","0,00","0,00","0,00","0,00","0,00","0,00","0,00","0,00","3.587,38","27.585,90","0,00","391,97","1.805,44","0,00","0,00","9,0650","14.576,55","28.717,97","0,00","0,00","0,00","28,00"
"12,06","116682","DT.PO BRILHANTE 1.6 KG SC CUIDADO TOTAL : UNILEVER BRASIL LTDA HC","1941","FD 7","1.504,000","5","1","1","154.645,21","0,42","17.010,240","0,45","17.010,240","300,8","30.929,04","154.645,21","154.645,21","0,44","143.595,65","135.744,00","153.865,00","780,21","0,00","0,00","0,00","0,00","0,00","0,00","0,00","0,00","0,00","0,00","0,00","0,00","0,00","0,00","0,00","18.121,00","135.744,00","0,00","1.971,00","9.078,56","0,00","0,00","14,0843","18.647,65","148.279,77","0,00","0,00","0,00","28,00"
"12,42","116681","DT.PO BRILHANTE 1.6 KG SC DELICADEZA : UNILEVER BRASIL LTDA HC","1941","FD 7","1.280,000","4","1","1","131.265,10","0,36","14.476,800","0,38","14.476,800","320,0","32.816,28","131.265,10","131.265,10","0,37","121.886,10","115.221,12","130.602,45","662,65","0,00","0,00","0,00","0,00","0,00","0,00","0,00","0,00","0,00","0,00","0,00","0,00","0,00","0,00","0,00","15.381,33","115.221,12","0,00","1.673,01","7.705,99","0,00","0,00","14,0349","43.269,74","125.753,12","0,00","0,00","0,00","28,00"
"12,75","116683","DT.PO BRILHANTE 1.6 KG SC LIMP.TOTAL : UNILEVER BRASIL LTDA HC","1941","FD 7","1.152,000","2","1","1","120.172,37","0,33","13.029,120","0,35","13.029,120","576,0","60.086,19","120.172,37","120.172,37","0,34","111.586,12","105.482,24","119.563,49","608,88","0,00","0,00","0,00","0,00","0,00","0,00","0,00","0,00","0,00","0,00","0,00","0,00","0,00","0,00","0,00","14.081,25","105.482,24","0,00","1.531,60","7.054,65","0,00","0,00","14,0841","30.238,50","113.573,96","0,00","0,00","0,00","28,00"
"12,92","121046","DT.PO BRILHANTE 1.6KG CX CUIDADO TOTAL : UNILEVER BRASIL LTDA HC","1941","CX 9","484,000","1","1","1","63.432,99","0,17","7.700,440","0,20","7.700,440","484,0","63.432,99","63.432,99","63.432,99","0,18","58.900,69","55.679,36","63.112,22","320,77","0,00","0,00","0,00","0,00","0,00","0,00","0,00","0,00","0,00","0,00","0,00","0,00","0,00","0,00","0,00","7.432,86","55.679,36","0,00","808,46","3.723,84","0,00","0,00","13,6461","14.246,56","59.442,54","0,00","0,00","0,00","28,00"
"13,18","121047","DT.PO BRILHANTE 1.6KG CX DELICADEZA : UNILEVER BRASIL LTDA HC","1941","CX 9","720,000","2","1","1","94.934,97","0,26","11.455,200","0,30","11.455,200","360,0","47.467,49","94.934,97","94.934,97","0,27","88.151,91","83.329,92","94.453,97","481,00","0,00","0,00","0,00","0,00","0,00","0,00","0,00","0,00","0,00","0,00","0,00","0,00","0,00","0,00","0,00","11.124,05","83.329,92","0,00","1.209,95","5.573,11","0,00","0,00","13,8261","54.751,21","89.592,88","0,00","0,00","0,00","28,00"
"13,25","121048","DT.PO BRILHANTE 1.6KG CX HIGIENE TOTAL : UNILEVER BRASIL LTDA HC","1941","CX 9","192,000","1","1","1","25.734,08","0,07","3.054,720","0,08","3.054,720","192,0","25.734,08","25.734,08","25.734,08","0,07","23.895,35","22.588,80","25.604,27","129,81","0,00","0,00","0,00","0,00","0,00","0,00","0,00","0,00","0,00","0,00","0,00","0,00","0,00","0,00","0,00","3.015,47","22.588,80","0,00","327,99","1.510,74","0,00","0,00","12,9919","108.625,18","22.449,98","0,00","0,00","0,00","28,00"
"19,55","116532","DT.PO BRILHANTE 1.6KG PG1.450KG CX LIMP.TOTAL : UNILEVER BRASIL LTDA HC","1941","CX 9","22.141,000","21","1","1","2.303.296,72","6,30","345.178,190","9,15","345.178,190","1.054,3","109.680,80","2.303.296,72","2.303.296,72","6,49","2.138.729,58","2.021.709,42","2.291.595,46","11.701,26","0,00","0,00","0,00","0,00","0,00","0,00","0,00","0,00","0,00","0,00","0,00","0,00","0,00","0,00","0,00","269.886,04","2.021.709,42","0,00","29.355,22","135.211,92","0,00","0,00","11,0244","167.272,99","2.196.818,17","0,00","0,00","0,00","28,00"
"24,05","119909","DT.PO BRILHANTE 2.2KG LIMP.TOTAL : UNILEVER BRASIL LTDA HC","1941","CX 9","8.400,000","13","1","1","1.644.522,46","4,50","178.332,000","4,72","178.332,000","646,2","126.501,73","1.644.522,46","1.480.362,73","4,17","1.362.381,14","1.555.459,20","1.642.897,80","1.624,66","0,00","164.159,73","0,00","0,00","0,00","0,00","0,00","0,00","0,00","0,00","0,00","0,00","0,00","0,00","0,00","87.438,60","1.555.459,20","0,00","21.045,38","96.936,21","0,00","0,00","20,0107","578.128,58","1.512.807,48","0,00","0,00","0,00","15,00"
"24,08","121042","DT.PO BRILHANTE 800G CX CUIDADO TOTAL : UNILEVER BRASIL LTDA HC","1941","CX 20","48,000","1","1","1","9.381,92","0,03","858,240","0,02","858,240","48,0","9.381,92","9.381,92","9.381,92","0,03","8.711,76","8.232,96","9.332,01","49,91","0,00","0,00","0,00","0,00","0,00","0,00","0,00","0,00","0,00","0,00","0,00","0,00","0,00","0,00","0,00","1.099,05","8.232,96","0,00","119,54","550,62","0,00","0,00","8,2347","11.693,22","7.905,27","0,00","0,00","0,00","28,00"
"24,11","121043","DT.PO BRILHANTE 800G CX DELICADEZA : UNILEVER BRASIL LTDA HC","1941","CX 20","48,000","1","1","1","9.457,57","0,03","858,240","0,02","858,240","48,0","9.457,57","9.457,57","9.457,57","0,03","8.787,41","8.232,96","9.332,00","125,57","0,00","0,00","0,00","0,00","0,00","0,00","0,00","0,00","0,00","0,00","0,00","0,00","0,00","0,00","0,00","1.099,04","8.232,96","0,00","119,54","550,62","0,00","0,00","8,4038","13.109,98","8.067,68","0,00","0,00","0,00","28,00"
"24,22","121044","DT.PO BRILHANTE 800G CX LIMPEZA TOTAL : UNILEVER BRASIL LTDA HC","1941","CX 20","193,000","4","1","2","38.455,73","0,11","3.450,840","0,09","3.450,840","48,3","9.613,93","19.227,87","38.435,73","0,11","35.687,98","33.768,39","38.262,40","193,33","0,00","20,00","0,00","0,00","0,00","0,00","0,00","0,00","0,00","0,00","0,00","0,00","0,00","0,00","0,00","4.494,01","33.768,39","0,00","490,14","2.257,61","0,00","0,00","8,8719","32.825,95","34.245,45","0,00","0,00","0,00","27,94"
"24,25","116679","DT.PO BRILHANTE 800G SC CUIDADO TOTAL : UNILEVER BRASIL LTDA HC","1941","FD 16","63,000","1","1","1","9.744,90","0,03","817,110","0,02","817,110","63,0","9.744,90","9.744,90","9.744,90","0,03","9.048,59","8.554,14","9.696,07","48,83","0,00","0,00","0,00","0,00","0,00","0,00","0,00","0,00","0,00","0,00","0,00","0,00","0,00","0,00","0,00","1.141,93","8.554,14","0,00","124,21","572,10","0,00","0,00","7,6773","69,10","7.738,75","0,00","0,00","0,00","28,00"
"24,36","114101","DT.PO BRILHANTE DS 1.6KG SC HIGIENE TOTAL : UNILEVER BRASIL LTDA HC","1941","FD 7","384,000","1","1","1","39.702,97","0,11","4.354,560","0,12","4.354,560","384,0","39.702,97","39.702,97","39.702,97","0,11","37.001,38","33.189,12","39.503,29","199,68","0,00","0,00","0,00","0,00","0,00","0,00","0,00","0,00","0,00","0,00","0,00","0,00","0,00","0,00","0,00","6.314,17","33.189,12","0,00","481,91","2.219,69","0,00","10.296,86","13,5159","243,29","36.330,66","0,00","0,00","0,00","28,00"
"24,36","121045","DT.PO BRILHANTE DS 800G CX HIGIENE TOTAL : UNILEVER BRASIL LTDA HC","1941","CX 20","1,000","1","1","1","188,67","0,00","17,500","0,00","17,500","1,0","188,67","188,67","188,67","0,00","175,77","170,11","188,67","0,00","0,00","0,00","0,00","0,00","0,00","0,00","0,00","0,00","0,00","0,00","0,00","0,00","0,00","0,00","0,00","18,56","170,11","0,00","2,30","10,60","0,00","0,00","8,1903","208.362,25","163,81","0,00","0,00","0,00","15,00"
"29,21","112004","DT.PO OMO 1.6KG LAV. PERFEITA : UNILEVER BRASIL LTDA HC","1941","CX 9","11.612,000","12","1","1","1.774.430,51","4,85","184.050,200","4,88","184.050,200","967,7","147.869,21","1.774.430,51","1.774.430,51","5,00","1.647.646,31","1.557.545,48","1.765.468,46","8.962,05","0,00","0,00","0,00","0,00","0,00","0,00","0,00","0,00","0,00","0,00","0,00","0,00","0,00","0,00","0,00","207.922,98","1.557.545,48","0,00","22.615,56","104.168,64","0,00","0,00","16,1260","297.605,64","1.685.297,78","0,00","0,00","0,00","28,00"
"29,90","119906","DT.PO OMO 1.6KG LAVANDA : UNILEVER BRASIL LTDA HC","1941","CX 9","1.536,000","5","1","1","250.492,71","0,69","23.992,320","0,64","23.992,320","307,2","50.098,54","250.492,71","250.492,71","0,71","232.594,81","219.876,00","249.228,11","1.264,60","0,00","0,00","0,00","0,00","0,00","0,00","0,00","0,00","0,00","0,00","0,00","0,00","0,00","0,00","0,00","29.352,11","219.876,00","0,00","3.192,60","14.705,30","0,00","0,00","16,9755","79.632,11","234.669,42","0,00","0,00","0,00","28,00"
"46,35","123476","DT.PO OMO 1.6KG PG 1.28KG LAV.PERF : UNILEVER BRASIL LTDA HC","1941","CX 9","41.184,000","32","1","1","6.013.270,52","16,45","642.882,240","17,03","642.882,240","1.287,0","187.914,70","6.013.270,52","6.013.270,52","16,95","5.583.620,43","5.278.256,64","5.982.872,21","30.398,31","0,00","0,00","0,00","0,00","0,00","0,00","0,00","0,00","0,00","0,00","0,00","0,00","0,00","0,00","0,00","704.615,57","5.278.256,64","0,00","76.640,29","353.009,80","0,00","0,00","14,8004","870.483,82","5.485.846,31","0,00","0,00","0,00","28,00"
"46,93","112003","DT.PO OMO 1.6KG PURO CUIDADO : UNILEVER BRASIL LTDA HC","1941","CX 9","1.344,000","4","1","1","213.485,32","0,58","21.302,400","0,56","21.302,400","336,0","53.371,33","213.485,32","213.485,32","0,60","198.231,38","187.394,88","212.410,97","1.074,35","0,00","0,00","0,00","0,00","0,00","0,00","0,00","0,00","0,00","0,00","0,00","0,00","0,00","0,00","0,00","25.016,09","187.394,88","0,00","2.720,97","12.532,97","0,00","0,00","16,5597","143.257,58","200.305,59","0,00","0,00","0,00","28,00"
"47,08","115004","DT.PO OMO 1.6KG SANIT.LAV.PERFEITA : UNILEVER BRASIL LTDA HC","1941","CX 9","336,000","2","1","1","55.286,18","0,15","5.234,880","0,14","5.234,880","168,0","27.643,09","55.286,18","55.286,18","0,16","51.524,37","46.213,92","55.006,02","280,16","0,00","0,00","0,00","0,00","0,00","0,00","0,00","0,00","0,00","0,00","0,00","0,00","0,00","0,00","0,00","8.792,10","46.213,92","0,00","671,03","3.090,79","0,00","14.337,77","16,8719","61.953,78","51.020,76","0,00","0,00","0,00","28,00"
"52,66","119910","DT.PO OMO 2.2KG LAV.PERFEITA : UNILEVER BRASIL LTDA HC","1941","CX 9","9.000,000","15","1","1","2.041.129,45","5,58","193.140,000","5,12","193.140,000","600,0","136.075,30","2.041.129,45","1.931.149,59","5,44","1.784.870,94","1.928.525,20","2.036.935,32","4.194,13","0,00","109.979,86","0,00","0,00","0,00","0,00","0,00","0,00","0,00","0,00","0,00","0,00","0,00","0,00","0,00","108.410,12","1.928.525,20","0,00","26.092,96","120.185,69","0,00","0,00","22,7890","713.591,05","1.845.906,65","0,00","0,00","0,00","16,79"
"53,06","120252","DT.PO OMO 360G BRANCO ABSOLUTO : UNILEVER BRASIL LTDA HC","1941","CX 24","896,000","6","1","2","144.511,42","0,40","8.942,080","0,24","8.942,080","149,3","24.085,24","72.255,71","144.511,42","0,41","134.244,85","134.657,30","142.962,44","1.548,98","0,00","0,00","0,00","0,00","0,00","0,00","0,00","0,00","0,00","0,00","0,00","0,00","0,00","0,00","0,00","8.305,14","134.657,30","0,00","1.831,33","8.435,24","0,00","0,00","6,2999","21.268,44","135.472,88","0,00","0,00","0,00","15,98"
"53,96","114708","DT.PO OMO 400G CX LAV. PERFEITA : UNILEVER BRASIL LTDA HC","1941","CX 24","2.048,000","5","1","1","329.547,62","0,90","22.118,400","0,59","19.660,800","409,6","65.909,52","329.547,62","317.259,60","0,89","293.948,78","307.328,00","324.604,14","4.943,48","0,00","12.288,02","0,00","0,00","0,00","0,00","0,00","0,00","0,00","0,00","0,00","0,00","0,00","0,00","0,00","17.276,14","307.328,00","0,00","4.158,14","19.152,68","0,00","0,00","6,2646","74.159,98","307.916,14","0,00","0,00","0,00","15,00"
"54,18","122774","DT.PO OMO 720G BRANCO ABSOLUTO : UNILEVER BRASIL LTDA HC","1941","CX 20","324,000","2","1","1","79.636,13","0,22","5.125,680","0,14","5.125,680","162,0","39.818,07","79.636,13","79.636,13","0,22","73.972,40","69.579,00","78.867,38","768,75","0,00","0,00","0,00","0,00","0,00","0,00","0,00","0,00","0,00","0,00","0,00","0,00","0,00","0,00","0,00","9.288,38","69.579,00","0,00","1.010,29","4.653,45","0,00","0,00","11,5242","50.936,88","74.676,69","0,00","0,00","0,00","28,00"
"66,38","112007","DT.PO OMO 800G LAV. PERFEITA : UNILEVER BRASIL LTDA HC","1941","CX 20","19.440,000","21","1","2","4.461.132,75","12,20","341.755,200","9,05","341.755,200","925,7","212.434,89","2.230.566,38","3.806.797,19","10,73","3.486.814,14","4.150.403,04","4.455.772,22","5.360,53","0,00","654.335,56","0,00","0,00","0,00","0,00","0,00","0,00","0,00","0,00","0,00","0,00","0,00","0,00","0,00","305.369,18","4.150.403,04","0,00","57.078,05","262.905,00","0,00","0,00","9,7977","1.714.360,26","3.809.362,87","0,00","0,00","0,00","19,56"
"67,36","119905","DT.PO OMO 800G LAVANDA : UNILEVER BRASIL LTDA HC","1941","CX 20","1.440,000","3","1","1","359.496,87","0,98","25.214,400","0,67","25.214,400","480,0","119.832,29","359.496,87","297.289,01","0,84","271.601,70","338.659,20","357.696,60","1.800,27","0,00","62.207,86","0,00","0,00","0,00","0,00","0,00","0,00","0,00","0,00","0,00","0,00","0,00","0,00","0,00","19.037,40","338.659,20","0,00","4.582,07","21.105,24","0,00","0,00","11,3583","99.043,99","327.117,77","0,00","0,00","0,00","15,00"
"68,45","112006","DT.PO OMO 800G PURO CUIDADO : UNILEVER BRASIL LTDA HC","1941","CX 20","1.728,000","5","1","2","398.241,30","1,09","30.378,240","0,80","30.378,240","345,6","79.648,26","199.120,65","353.697,40","1,00","325.212,15","366.894,72","396.657,64","1.583,66","0,00","44.543,90","0,00","0,00","0,00","0,00","0,00","0,00","0,00","0,00","0,00","0,00","0,00","0,00","0,00","29.762,92","366.894,72","0,00","5.081,15","23.404,10","0,00","0,00","10,1012","161.123,62","349.096,12","0,00","0,00","0,00","23,62"
"69,03","114970","DT.PO OMO 800G SANIT.LAV.PERFEITA : UNILEVER BRASIL LTDA HC","1941","CX 20","957,000","4","1","2","212.972,23","0,58","16.747,500","0,44","16.747,500","239,3","53.243,06","106.486,12","189.932,27","0,54","175.394,72","186.800,07","212.571,58","400,65","0,00","23.039,96","0,00","0,00","0,00","0,00","0,00","0,00","0,00","0,00","0,00","0,00","0,00","0,00","0,00","25.771,51","186.800,07","0,00","2.593,18","11.944,37","0,00","55.408,83","10,0835","116.575,22","192.997,98","0,00","0,00","0,00","19,84"
"79,26","123622","DT.PO OMO 800G. PG 600G LAV. PERF : UNILEVER BRASIL LTDA HC","1941","CX 20","22.942,000","19","1","1","3.740.130,84","10,23","409.744,120","10,86","409.744,120","1.207,5","196.848,99","3.740.130,84","3.740.130,84","10,54","3.472.895,71","3.282.986,74","3.721.245,85","18.884,99","0,00","0,00","0,00","0,00","0,00","0,00","0,00","0,00","0,00","0,00","0,00","0,00","0,00","0,00","0,00","438.259,11","3.282.986,74","0,00","47.668,97","219.566,16","0,00","0,00","7,6687","688.492,38","3.518.688,41","0,00","0,00","0,00","28,00"
"79,96","116530","DT.PO SURF 1,6KG CUIDADO DO COCO : UNILEVER BRASIL LTDA HC","1941","FD 7","3.742,000","6","1","1","255.829,17","0,70","42.359,440","1,12","42.359,440","623,7","42.638,20","255.829,17","255.829,17","0,72","237.549,96","224.560,28","254.537,72","1.291,45","0,00","0,00","0,00","0,00","0,00","0,00","0,00","0,00","0,00","0,00","0,00","0,00","0,00","0,00","0,00","29.977,44","224.560,28","0,00","3.260,62","15.018,59","0,00","0,00","9,0768","59.416,94","237.758,51","0,00","0,00","0,00","28,00"
"80,92","116531","DT.PO SURF 1,6KG ROSA/F.DE LIZ/MIX FLORES : UNILEVER BRASIL LTDA HC","1941","FD 7","5.122,000","6","1","2","351.026,13","0,96","57.981,040","1,54","57.981,040","853,7","58.504,36","175.513,07","351.026,13","0,99","325.945,83","308.117,62","349.242,81","1.783,32","0,00","0,00","0,00","0,00","0,00","0,00","0,00","0,00","0,00","0,00","0,00","0,00","0,00","0,00","0,00","41.125,19","308.117,62","0,00","4.473,78","20.606,52","0,00","0,00","9,1759","67.002,18","328.991,54","0,00","0,00","0,00","28,00"
"81,83","116529","DT.PO SURF 800G CUIDADO COCO : UNILEVER BRASIL LTDA HC","1941","FD 16","3.592,000","7","1","2","332.836,12","0,91","46.803,760","1,24","46.803,760","513,1","47.548,02","166.418,06","332.824,00","0,94","309.042,68","292.161,40","331.154,66","1.681,46","0,00","12,12","0,00","0,00","0,00","0,00","0,00","0,00","0,00","0,00","0,00","0,00","0,00","0,00","0,00","38.993,26","292.161,40","0,00","4.242,07","19.539,25","0,00","0,00","5,5514","104.433,28","319.051,10","0,00","0,00","0,00","28,00"
"82,39","116526","DT.PO SURF 800G LAVANDA : UNILEVER BRASIL LTDA HC","1941","FD 16","2.216,000","7","1","2","203.067,98","0,56","28.874,480","0,76","28.874,480","316,6","29.009,71","101.533,99","203.055,86","0,57","188.546,54","178.254,75","202.042,16","1.025,82","0,00","12,12","0,00","0,00","0,00","0,00","0,00","0,00","0,00","0,00","0,00","0,00","0,00","0,00","0,00","23.787,41","178.254,75","0,00","2.588,15","11.921,17","0,00","0,00","5,5276","48.819,33","195.984,85","0,00","0,00","0,00","27,99"
"82,82","116528","DT.PO SURF 800G LIMAO : UNILEVER BRASIL LTDA HC","1941","FD 16","1.764,000","4","1","1","158.255,69","0,43","22.984,920","0,61","22.984,920","441,0","39.563,92","158.255,69","158.255,69","0,45","146.948,21","138.912,48","157.456,46","799,23","0,00","0,00","0,00","0,00","0,00","0,00","0,00","0,00","0,00","0,00","0,00","0,00","0,00","0,00","0,00","18.543,98","138.912,48","0,00","2.017,01","9.290,47","0,00","0,00","5,2123","4.784,89","147.111,98","0,00","0,00","0,00","28,00"
"83,83","116527","DT.PO SURF 800G ROSAS/F.DE LIZ : UNILEVER BRASIL LTDA HC","1941","FD 16","4.042,000","5","1","1","368.477,69","1,01","52.667,260","1,40","52.667,260","808,4","73.695,54","368.477,69","368.477,69","1,04","342.149,78","323.438,72","366.615,85","1.861,84","0,00","0,00","0,00","0,00","0,00","0,00","0,00","0,00","0,00","0,00","0,00","0,00","0,00","0,00","0,00","43.177,13","323.438,72","0,00","4.696,33","21.631,58","0,00","0,00","5,4743","169.331,45","354.034,77","0,00","0,00","0,00","28,00"
"83,86","123501","LAVA ROUPA BRILHANTE 1.8 FR HIGIENE TOTAL : UNILEVER BRASIL LTDA HC","1941","CX 6","180,000","1","1","1","12.603,25","0,03","2.178,000","0,06","2.178,000","180,0","12.603,25","12.603,25","12.603,25","0,04","11.704,06","11.046,60","12.539,35","63,90","0,00","0,00","0,00","0,00","0,00","0,00","0,00","0,00","0,00","0,00","0,00","0,00","0,00","0,00","0,00","1.492,75","11.046,60","0,00","160,40","738,80","0,00","0,00","11,0009","3.300,28","11.881,01","0,00","0,00","0,00","28,00"
"83,92","123502","LAVA ROUPA BRILHANTE 1.8 FR LIMPEZA TOTAL : UNILEVER BRASIL LTDA HC","1941","CX 6","300,000","1","1","1","21.005,42","0,06","3.630,000","0,10","3.630,000","300,0","21.005,42","21.005,42","21.005,42","0,06","19.506,76","18.411,00","20.898,92","106,50","0,00","0,00","0,00","0,00","0,00","0,00","0,00","0,00","0,00","0,00","0,00","0,00","0,00","0,00","0,00","2.487,92","18.411,00","0,00","267,33","1.231,33","0,00","0,00","11,0009","8.844,75","19.801,67","0,00","0,00","0,00","28,00"
"84,23","114104","LAVA ROUPA BRILHANTE 3L FR HIGIENE TOTAL : UNILEVER BRASIL LTDA HC","1941","CX 4","1.288,000","10","1","2","112.615,66","0,31","16.834,160","0,45","16.834,160","128,8","11.261,57","56.307,83","112.615,66","0,32","104.569,76","101.014,74","112.201,04","414,62","0,00","0,00","0,00","0,00","0,00","0,00","0,00","0,00","0,00","0,00","0,00","0,00","0,00","0,00","0,00","11.186,30","101.014,74","0,00","1.435,22","6.610,68","0,00","0,00","20,6435","11.230,08","106.355,46","0,00","0,00","0,00","24,12"
"84,56","77412","LAVA ROUPA BRILHANTE 3L FR LIMPEZA TOTAL : UNILEVER BRASIL LTDA HC","1941","CX 4","1.365,000","4","1","2","120.845,74","0,33","17.840,550","0,47","17.840,550","341,3","30.211,44","60.422,87","120.845,74","0,34","112.223,26","105.956,15","120.241,42","604,32","0,00","0,00","0,00","0,00","0,00","0,00","0,00","0,00","0,00","0,00","0,00","0,00","0,00","0,00","0,00","14.285,27","105.956,15","0,00","1.538,06","7.084,42","0,00","0,00","20,7333","26.787,47","113.204,01","0,00","0,00","0,00","27,95"
"84,93","115640","LAVA ROUPA BRILHANTE 900ML SACHET HIGIENE TOTAL : UNILEVER BRASIL LTDA HC","1941","CX 12","1.430,000","5","1","2","135.899,15","0,37","17.117,100","0,45","17.117,100","286,0","27.179,83","67.949,58","135.899,15","0,38","126.177,01","124.079,90","135.576,70","322,45","0,00","0,00","0,00","0,00","0,00","0,00","0,00","0,00","0,00","0,00","0,00","0,00","0,00","0,00","0,00","11.496,80","124.079,90","0,00","1.734,22","7.987,91","0,00","0,00","7,2494","41.683,96","124.399,43","0,00","0,00","0,00","21,09"
"85,13","115641","LAVA ROUPA BRILHANTE 900ML SACHET LIMPEZA TOTAL : UNILEVER BRASIL LTDA HC","1941","CX 12","841,000","2","1","2","73.809,96","0,20","10.066,770","0,27","10.066,770","420,5","36.904,98","36.904,98","73.809,96","0,21","68.543,74","64.702,31","73.438,08","371,88","0,00","0,00","0,00","0,00","0,00","0,00","0,00","0,00","0,00","0,00","0,00","0,00","0,00","0,00","0,00","8.735,77","64.702,31","0,00","939,38","4.326,84","0,00","0,00","6,6939","45.853,19","67.554,80","0,00","0,00","0,00","27,98"
"85,16","115219","LAVA ROUPA BRILHANTE CONC.500ML FR DILUIR : UNILEVER BRASIL LTDA HC","1941","CX 12","48,000","3","1","1","11.485,08","0,03","339,840","0,01","339,840","16,0","3.828,36","11.485,08","11.485,08","0,03","10.664,07","10.824,16","11.449,19","35,89","0,00","0,00","0,00","0,00","0,00","0,00","0,00","0,00","0,00","0,00","0,00","0,00","0,00","0,00","0,00","625,03","10.824,16","0,00","146,46","674,55","0,00","0,00","18,0952","850,48","10.422,84","0,00","0,00","0,00","15,00"
"85,85","120253","LAVA ROUPA OMO 1.8L ULTRA POWER : UNILEVER BRASIL LTDA HC","1941","CX 6","2.045,000","9","1","2","253.705,13","0,69","25.010,350","0,66","25.010,350","227,2","28.189,46","126.852,57","253.705,13","0,71","235.589,77","225.027,20","252.621,03","1.084,10","0,00","0,00","0,00","0,00","0,00","0,00","0,00","0,00","0,00","0,00","0,00","0,00","0,00","0,00","0,00","27.593,83","225.027,20","0,00","3.231,38","14.883,98","0,00","0,00","19,7309","52.720,92","242.097,96","0,00","0,00","0,00","26,02"
"88,29","76561","LAVA ROUPA OMO 3L LAV. PERFEITA : UNILEVER BRASIL LTDA HC","1941","CX 4","8.009,000","10","1","2","891.093,22","2,44","105.158,170","2,79","105.158,170","800,9","89.109,32","445.546,61","891.093,22","2,51","827.516,40","781.049,71","886.585,91","4.507,31","0,00","0,00","0,00","0,00","0,00","0,00","0,00","0,00","0,00","0,00","0,00","0,00","0,00","0,00","0,00","105.536,20","781.049,71","0,00","11.340,73","52.236,10","0,00","0,00","26,3229","411.637,79","843.281,00","0,00","0,00","0,00","28,00"
"88,61","112020","LAVA ROUPA OMO 3L LAVANDA : UNILEVER BRASIL LTDA HC","1941","CX 4","1.064,000","5","1","1","116.334,39","0,32","13.970,320","0,37","13.970,320","212,8","23.266,88","116.334,39","116.334,39","0,33","108.034,09","101.969,28","115.748,58","585,81","0,00","0,00","0,00","0,00","0,00","0,00","0,00","0,00","0,00","0,00","0,00","0,00","0,00","0,00","0,00","13.779,30","101.969,28","0,00","1.480,59","6.819,70","0,00","0,00","26,0091","50.561,74","110.694,83","0,00","0,00","0,00","28,00"
"88,94","92624","LAVA ROUPA OMO 3L PURO CUIDADO : UNILEVER BRASIL LTDA HC","1941","CX 4","1.119,000","5","1","1","121.401,11","0,33","14.692,470","0,39","14.692,470","223,8","24.280,22","121.401,11","121.401,11","0,34","112.739,78","106.404,61","120.783,27","617,84","0,00","0,00","0,00","0,00","0,00","0,00","0,00","0,00","0,00","0,00","0,00","0,00","0,00","0,00","0,00","14.378,66","106.404,61","0,00","1.544,99","7.116,34","0,00","0,00","25,1005","15.160,71","112.349,91","0,00","0,00","0,00","28,00"
"92,57","112929","LAVA ROUPA OMO 900ML SACHET LAV. PERFEITA : UNILEVER BRASIL LTDA HC","1941","CX 12","12.011,000","9","1","2","1.327.092,94","3,63","143.531,450","3,80","143.531,450","1.334,6","147.454,77","663.546,47","1.327.092,94","3,74","1.232.270,60","1.164.901,92","1.320.400,19","6.692,75","0,00","0,00","0,00","0,00","0,00","0,00","0,00","0,00","0,00","0,00","0,00","0,00","0,00","0,00","0,00","155.498,27","1.164.901,92","0,00","16.914,25","77.908,09","0,00","0,00","8,5216","224.210,69","1.228.229,05","0,00","0,00","0,00","28,00"
"93,00","120250","LAVA ROUPA OMO 900ML SACHET LAVANDA  : UNILEVER BRASIL LTDA HC","1941","CX 12","1.390,000","3","1","1","158.401,43","0,43","16.513,200","0,44","16.513,200","463,3","52.800,48","158.401,43","158.401,43","0,45","147.099,59","138.843,20","157.605,37","796,06","0,00","0,00","0,00","0,00","0,00","0,00","0,00","0,00","0,00","0,00","0,00","0,00","0,00","0,00","0,00","18.762,17","138.843,20","0,00","2.016,00","9.285,83","0,00","0,00","8,8620","89.763,31","147.818,34","0,00","0,00","0,00","28,00"
"93,73","112662","LAVA ROUPA OMO 900ML SACHET PURO CUIDADO : UNILEVER BRASIL LTDA HC","1941","CX 12","2.441,000","3","1","2","266.689,01","0,73","30.854,240","0,82","26.362,800","813,7","88.896,34","133.344,51","266.689,01","0,75","247.634,47","234.093,53","265.334,47","1.354,54","0,00","0,00","0,00","0,00","0,00","0,00","0,00","0,00","0,00","0,00","0,00","0,00","0,00","0,00","0,00","31.240,94","234.093,53","0,00","3.398,92","15.655,62","0,00","0,00","8,5012","77.029,41","249.017,27","0,00","0,00","0,00","27,99"
"93,74","115477","LAVA ROUPA OMO CONC.500ML FR DILUIR PURO CUIDADO : UNILEVER BRASIL LTDA HC","1941","CX 12","16,000","1","1","1","4.964,97","0,01","112,480","0,00","112,480","16,0","4.964,97","4.964,97","4.964,97","0,01","4.608,94","4.693,92","4.964,97","0,00","0,00","0,00","0,00","0,00","0,00","0,00","0,00","0,00","0,00","0,00","0,00","0,00","0,00","0,00","0,00","271,05","4.693,92","0,00","63,51","292,52","0,00","0,00","23,7447","0,00","4.558,98","0,00","0,00","0,00","15,00"
"93,77","115588","LAVA ROUPA OMO R.DELICADAS 450ML BEBÊ : UNILEVER BRASIL LTDA HC","1941","CX 12","133,000","1","1","1","12.350,29","0,03","829,920","0,02","829,920","133,0","12.350,29","12.350,29","12.350,29","0,03","11.464,66","11.676,07","12.350,29","0,00","0,00","0,00","0,00","0,00","0,00","0,00","0,00","0,00","0,00","0,00","0,00","0,00","0,00","0,00","0,00","674,22","11.676,07","0,00","157,98","727,65","0,00","0,00","6,9314","679,28","11.062,51","0,00","0,00","0,00","37,00"
"93,84","114106","LAVA ROUPA OMO R.DELICADAS 450ML COCO : UNILEVER BRASIL LTDA HC","1941","CX 12","266,000","2","1","1","24.582,41","0,07","1.659,840","0,04","1.659,840","133,0","12.291,21","24.582,41","24.582,41","0,07","22.819,62","23.240,42","24.582,41","0,00","0,00","0,00","0,00","0,00","0,00","0,00","0,00","0,00","0,00","0,00","0,00","0,00","0,00","0,00","0,00","1.341,99","23.240,42","0,00","314,45","1.448,34","0,00","0,00","7,0728","5.050,01","22.576,52","0,00","0,00","0,00","20,02"
"93,87","113796","LAVA ROUPA OMO R.DELICADAS 450ML ORIGINAL : UNILEVER BRASIL LTDA HC","1941","CX 12","133,000","1","1","1","12.350,29","0,03","829,920","0,02","829,920","133,0","12.350,29","12.350,29","12.350,29","0,03","11.464,66","11.676,07","12.350,29","0,00","0,00","0,00","0,00","0,00","0,00","0,00","0,00","0,00","0,00","0,00","0,00","0,00","0,00","0,00","0,00","674,22","11.676,07","0,00","157,98","727,65","0,00","0,00","7,0288","2.066,46","11.217,94","0,00","0,00","0,00","25,00"
"93,96","114678","LAVA ROUPA OMO R.DELICADAS 900ML BEBE : UNILEVER BRASIL LTDA HC","1941","CX 12","216,000","3","1","1","33.289,09","0,09","2.581,200","0,07","2.581,200","72,0","11.096,36","33.289,09","33.289,09","0,09","30.909,43","31.373,28","33.184,90","104,19","0,00","0,00","0,00","0,00","0,00","0,00","0,00","0,00","0,00","0,00","0,00","0,00","0,00","0,00","0,00","1.811,62","31.373,28","0,00","424,48","1.955,18","0,00","0,00","11,6639","3.790,76","30.232,77","0,00","0,00","0,00","22,39"
"94,05","111998","LAVA ROUPA OMO R.DELICADAS 900ML COCO : UNILEVER BRASIL LTDA HC","1941","CX 12","216,000","3","1","1","33.411,71","0,09","2.581,200","0,07","2.581,200","72,0","11.137,24","33.411,71","33.411,71","0,09","31.023,26","31.489,20","33.307,52","104,19","0,00","0,00","0,00","0,00","0,00","0,00","0,00","0,00","0,00","0,00","0,00","0,00","0,00","0,00","0,00","1.818,32","31.489,20","0,00","426,05","1.962,40","0,00","0,00","11,8280","2.673,12","30.658,17","0,00","0,00","0,00","25,71"
"94,08","111997","LAVA ROUPA OMO R.DELICADAS 900ML ORIGINAL : UNILEVER BRASIL LTDA HC","1941","CX 12","72,000","1","1","1","11.143,38","0,03","860,400","0,02","860,400","72,0","11.143,38","11.143,38","11.143,38","0,03","10.344,30","10.535,04","11.143,38","0,00","0,00","0,00","0,00","0,00","0,00","0,00","0,00","0,00","0,00","0,00","0,00","0,00","0,00","0,00","0,00","608,34","10.535,04","0,00","142,54","656,54","0,00","0,00","11,5630","1.179,43","9.990,47","0,00","0,00","0,00","25,00"
"94,20","114680","LAVA ROUPA OMO R.DELICADAS 900ML R.ESCURAS : UNILEVER BRASIL LTDA HC","1941","CX 12","288,000","3","1","1","44.432,46","0,12","3.441,600","0,09","3.441,600","96,0","14.810,82","44.432,46","44.432,46","0,13","41.253,71","41.908,32","44.328,27","104,19","0,00","0,00","0,00","0,00","0,00","0,00","0,00","0,00","0,00","0,00","0,00","0,00","0,00","0,00","0,00","2.419,95","41.908,32","0,00","567,02","2.611,73","0,00","0,00","11,6306","2.593,61","40.195,21","0,00","0,00","0,00","20,03"
"94,27","120254","LAVA ROUPA SURF 900ML SC CUIDADO COCO : UNILEVER BRASIL LTDA HC","1941","CX 12","301,000","5","1","2","23.988,49","0,07","3.569,860","0,09","3.569,860","60,2","4.797,70","11.994,25","23.988,49","0,07","22.276,91","21.032,15","23.868,26","120,23","0,00","0,00","0,00","0,00","0,00","0,00","0,00","0,00","0,00","0,00","0,00","0,00","0,00","0,00","0,00","2.836,11","21.032,15","0,00","305,31","1.406,27","0,00","0,00","6,2460","3.766,31","22.560,40","0,00","0,00","0,00","27,96"
"94,36","120255","LAVA ROUPA SURF 900ML SC LAVANDA : UNILEVER BRASIL LTDA HC","1941","CX 12","431,000","7","1","2","34.275,43","0,09","5.111,660","0,14","5.111,660","61,6","4.896,49","17.137,72","34.275,43","0,10","31.827,87","30.441,75","34.131,68","143,75","0,00","0,00","0,00","0,00","0,00","0,00","0,00","0,00","0,00","0,00","0,00","0,00","0,00","0,00","0,00","3.689,93","30.441,75","0,00","436,59","2.010,97","0,00","0,00","6,2864","9.203,35","32.513,49","0,00","0,00","0,00","25,79"
"94,39","123362","LAVA ROUPA SURF FR 1.8L CUIDADO COCO : UNILEVER BRASIL LTDA HC","1941","CX 6","160,000","2","1","1","10.798,99","0,03","1.883,200","0,05","1.883,200","80,0","5.399,50","10.798,99","10.798,99","0,03","10.027,42","9.478,80","10.744,16","54,83","0,00","0,00","0,00","0,00","0,00","0,00","0,00","0,00","0,00","0,00","0,00","0,00","0,00","0,00","0,00","1.265,36","9.478,80","0,00","137,63","633,94","0,00","0,00","10,6262","4.271,72","10.201,12","0,00","0,00","0,00","28,00"
"94,46","123361","LAVA ROUPA SURF FR 1.8L LAVANDA : UNILEVER BRASIL LTDA HC","1941","CX 6","390,000","2","1","1","26.344,46","0,07","4.590,300","0,12","4.590,300","195,0","13.172,23","26.344,46","26.344,46","0,07","24.462,17","23.124,00","26.210,91","133,55","0,00","0,00","0,00","0,00","0,00","0,00","0,00","0,00","0,00","0,00","0,00","0,00","0,00","0,00","0,00","3.086,91","23.124,00","0,00","335,76","1.546,53","0,00","0,00","10,6132","18.466,93","24.834,83","0,00","0,00","0,00","28,00"
"94,57","114662","LAVA ROUPA SURF FR 3L CUID. COCO : UNILEVER BRASIL LTDA HC","1941","CX 4","528,000","5","1","1","39.900,72","0,11","6.911,520","0,18","6.911,520","105,6","7.980,14","39.900,72","39.900,72","0,11","37.053,81","34.974,32","39.700,47","200,25","0,00","0,00","0,00","0,00","0,00","0,00","0,00","0,00","0,00","0,00","0,00","0,00","0,00","0,00","0,00","4.726,15","34.974,32","0,00","507,83","2.339,08","0,00","0,00","18,0400","10.607,50","38.100,41","0,00","0,00","0,00","28,00"
"94,69","114659","LAVA ROUPA SURF FR 3L LAVANDA : UNILEVER BRASIL LTDA HC","1941","CX 4","560,000","5","1","2","43.094,99","0,12","7.330,400","0,19","7.330,400","112,0","8.619,00","21.547,50","43.094,99","0,12","40.016,24","38.532,20","42.933,72","161,27","0,00","0,00","0,00","0,00","0,00","0,00","0,00","0,00","0,00","0,00","0,00","0,00","0,00","0,00","0,00","4.401,52","38.532,20","0,00","549,18","2.529,57","0,00","0,00","18,0508","11.769,13","40.433,82","0,00","0,00","0,00","24,67"
"95,39","47646","LIMP.CIF 250ML CREMOSO BRANCO : UNILEVER BRASIL LTDA HC","1941","CX 12","3.312,000","8","1","2","256.325,38","0,70","16.467,264","0,44","16.467,264","414,0","32.040,67","128.162,69","256.325,38","0,72","204.068,79","254.777,22","254.777,22","1.548,16","0,00","0,00","0,00","0,00","0,00","0,00","0,00","0,00","0,00","0,00","0,00","0,00","0,00","0,00","0,00","0,00","254.777,22","31.613,99","3.682,19","16.960,41","0,00","0,00","5,1884","76.975,43","206.208,64","0,00","0,00","0,00","28,00"
"95,77","58668","LIMP.CIF 250ML CREMOSO LARANJA : UNILEVER BRASIL LTDA HC","1941","CX 12","1.817,000","7","1","1","137.454,03","0,38","9.034,124","0,24","9.034,124","259,6","19.636,29","137.454,03","137.454,03","0,39","109.909,97","136.762,97","136.762,97","691,06","0,00","0,00","0,00","0,00","0,00","0,00","0,00","0,00","0,00","0,00","0,00","0,00","0,00","0,00","0,00","0,00","136.762,97","16.411,55","1.985,80","9.146,71","0,00","0,00","5,1905","30.193,31","113.174,32","0,00","0,00","0,00","28,00"
"96,26","47645","LIMP.CIF 250ML CREMOSO PODER NATURAL LIMAO : UNILEVER BRASIL LTDA HC","1941","CX 12","2.319,000","5","1","2","177.877,93","0,49","11.530,068","0,31","11.530,068","463,8","35.575,59","88.938,97","177.877,93","0,50","142.154,38","176.991,39","176.991,39","886,54","0,00","0,00","0,00","0,00","0,00","0,00","0,00","0,00","0,00","0,00","0,00","0,00","0,00","0,00","0,00","0,00","176.991,39","21.324,34","2.568,51","11.830,70","0,00","0,00","5,2010","70.462,86","144.732,84","0,00","0,00","0,00","28,00"
"96,69","78400","LIMP.CIF 450ML CREMOSO BRANCO : UNILEVER BRASIL LTDA HC","1941","CX 12","1.400,000","4","1","1","158.489,78","0,43","12.026,000","0,32","12.026,000","350,0","39.622,45","158.489,78","158.489,78","0,45","126.730,81","157.691,00","157.691,00","798,78","0,00","0,00","0,00","0,00","0,00","0,00","0,00","0,00","0,00","0,00","0,00","0,00","0,00","0,00","0,00","0,00","157.691,00","18.922,92","2.289,67","10.546,37","0,00","0,00","7,7085","26.933,44","129.502,50","0,00","0,00","0,00","28,00"
"96,85","78399","LIMP.CIF 450ML CREMOSO LARANJA : UNILEVER BRASIL LTDA HC","1941","CX 12","503,000","3","1","1","57.752,99","0,16","4.320,770","0,11","4.320,770","167,7","19.251,00","57.752,99","57.752,99","0,16","46.180,01","57.462,67","57.462,67","290,32","0,00","0,00","0,00","0,00","0,00","0,00","0,00","0,00","0,00","0,00","0,00","0,00","0,00","0,00","0,00","0,00","57.462,67","6.895,52","834,36","3.843,10","0,00","0,00","7,7153","22.621,22","46.569,48","0,00","0,00","0,00","28,00"
"97,08","78401","LIMP.CIF 450ML CREMOSO PODER NATURAL LIMÃO : UNILEVER BRASIL LTDA HC","1941","CX 12","750,000","3","1","1","85.814,61","0,23","6.442,500","0,17","6.442,500","250,0","28.604,87","85.814,61","85.814,61","0,24","68.618,37","85.383,50","85.383,50","431,11","0,00","0,00","0,00","0,00","0,00","0,00","0,00","0,00","0,00","0,00","0,00","0,00","0,00","0,00","0,00","0,00","85.383,50","10.246,02","1.239,77","5.710,45","0,00","0,00","7,6810","34.334,15","69.129,16","0,00","0,00","0,00","28,00"
"97,17","120251","LIMP.CIF 450ML DERRETE GORDURA SC : UNILEVER BRASIL LTDA HC","1941","CX 15","270,000","2","1","1","32.477,01","0,09","1.979,100","0,05","1.979,100","135,0","16.238,51","32.477,01","32.477,01","0,09","30.220,27","29.752,65","32.022,30","454,71","0,00","0,00","0,00","0,00","0,00","0,00","0,00","0,00","0,00","0,00","0,00","0,00","0,00","0,00","0,00","2.269,65","29.752,65","0,00","402,55","1.854,19","0,00","0,00","7,4517","6.810,85","30.179,36","0,00","0,00","0,00","28,00"
"97,26","78403","LIMP.CIF 450ML UR BANH.S/CLORO SACHET : UNILEVER BRASIL LTDA HC","1941","CX 15","270,000","2","1","1","33.407,00","0,09","2.003,400","0,05","2.003,400","135,0","16.703,50","33.407,00","33.407,00","0,09","31.052,68","31.039,20","33.407,00","0,00","0,00","0,00","0,00","0,00","0,00","0,00","0,00","0,00","0,00","0,00","0,00","0,00","0,00","0,00","0,00","2.367,80","31.039,20","0,00","419,96","1.934,36","0,00","0,00","7,8030","3.870,28","31.602,05","0,00","0,00","0,00","28,00"
"97,34","78443","LIMP.CIF 450ML UR DESENG.SACHET : UNILEVER BRASIL LTDA HC","1941","CX 15","270,000","2","1","1","28.861,21","0,08","1.987,200","0,05","1.987,200","135,0","14.430,61","28.861,21","28.861,21","0,08","26.846,04","26.568,00","28.594,72","266,49","0,00","0,00","0,00","0,00","0,00","0,00","0,00","0,00","0,00","0,00","0,00","0,00","0,00","0,00","0,00","2.026,72","26.568,00","0,00","359,46","1.655,71","0,00","0,00","6,4510","187,08","26.126,41","0,00","0,00","0,00","28,00"
"97,39","114697","LIMP.CIF 450ML UR TIRA-LIMO C/CLOR. SACHET : UNILEVER BRASIL LTDA HC","1941","CX 15","135,000","1","1","1","17.581,05","0,05","1.015,200","0,03","1.015,200","135,0","17.581,05","17.581,05","17.581,05","0,05","13.082,94","17.581,05","17.581,05","0,00","0,00","0,00","0,00","0,00","0,00","0,00","0,00","0,00","0,00","0,00","0,00","0,00","0,00","0,00","0,00","0,00","17.581,05","3.164,59","237,87","1.095,65","0,00","0,00","6,4237","1.483,87","13.007,98","0,00","0,00","0,00","28,00"
"97,46","114710","LIMP.CIF 500ML BANH. S/CLORO SQZ : UNILEVER BRASIL LTDA HC","1941","CX 12","204,000","2","1","1","26.027,76","0,07","1.399,440","0,04","1.224,000","102,0","13.013,88","26.027,76","26.027,76","0,07","24.210,42","23.959,80","25.787,55","240,21","0,00","0,00","0,00","0,00","0,00","0,00","0,00","0,00","0,00","0,00","0,00","0,00","0,00","0,00","0,00","1.827,75","23.959,80","0,00","324,17","1.493,17","0,00","0,00","9,3264","7.339,90","22.831,11","0,00","0,00","0,00","28,00"
"97,51","114704","LIMP.CIF 500ML DESENG. SPRAY 25%GTS : UNILEVER BRASIL LTDA HC","1941","CX 12","204,000","2","1","1","16.984,21","0,05","1.385,160","0,04","1.385,160","102,0","8.492,11","16.984,21","16.984,21","0,05","15.787,27","15.780,42","16.984,21","0,00","0,00","0,00","0,00","0,00","0,00","0,00","0,00","0,00","0,00","0,00","0,00","0,00","0,00","0,00","0,00","1.203,79","15.780,42","0,00","213,51","983,43","0,00","0,00","6,4134","269,36","15.699,89","0,00","0,00","0,00","28,00"
"97,59","115934","LIMP.CIF 500ML MULTIUSO ANTIBAC 15% GTS : UNILEVER BRASIL LTDA HC","1941","CX 24","324,000","2","1","1","28.212,39","0,08","4.370,760","0,12","4.370,760","162,0","14.106,20","28.212,39","28.212,39","0,08","21.041,94","28.026,00","28.026,00","186,39","0,00","0,00","0,00","0,00","0,00","0,00","0,00","0,00","0,00","0,00","0,00","0,00","0,00","0,00","0,00","0,00","28.026,00","5.044,68","379,19","1.746,58","0,00","0,00","2,6689","11.756,53","20.753,42","0,00","0,00","0,00","28,00"
"97,64","114714","LIMP.CIF 500ML MULTIUSO FR ANTIBAC : UNILEVER BRASIL LTDA HC","1941","CX 24","162,000","2","1","1","16.595,56","0,05","2.225,880","0,06","1.944,000","81,0","8.297,78","16.595,56","16.595,56","0,05","12.377,85","16.485,12","16.485,12","110,44","0,00","0,00","0,00","0,00","0,00","0,00","0,00","0,00","0,00","0,00","0,00","0,00","0,00","0,00","0,00","0,00","16.485,12","2.967,32","223,04","1.027,35","0,00","0,00","3,1066","537,43","12.078,30","0,00","0,00","0,00","28,00"
"97,68","114698","LIMP.CIF 500ML TIRA-LIMO C/CLORO SPRAY : UNILEVER BRASIL LTDA HC","1941","CX 12","102,000","1","1","1","13.302,97","0,04","708,900","0,02","612,000","102,0","13.302,97","13.302,97","13.302,97","0,04","9.933,10","13.171,26","13.171,26","131,71","0,00","0,00","0,00","0,00","0,00","0,00","0,00","0,00","0,00","0,00","0,00","0,00","0,00","0,00","0,00","0,00","13.171,26","2.370,83","178,21","820,83","0,00","0,00","8,0052","3.314,17","9.798,42","0,00","0,00","0,00","28,00"
"97,71","114691","LIMP.CIF 500ML TIRA-LIMO SPRAY 20% GTS : UNILEVER BRASIL LTDA HC","1941","CX 12","89,000","1","1","1","9.284,74","0,03","616,770","0,02","616,770","89,0","9.284,74","9.284,74","9.284,74","0,03","6.932,75","9.192,81","9.192,81","91,93","0,00","0,00","0,00","0,00","0,00","0,00","0,00","0,00","0,00","0,00","0,00","0,00","0,00","0,00","0,00","0,00","9.192,81","1.654,71","124,38","572,90","0,00","0,00","6,3991","3.340,36","6.834,29","0,00","0,00","0,00","28,00"
"97,77","78418","LIMP.CIF 500ML UR BANH.S/ CLORO GATILHO : UNILEVER BRASIL LTDA HC","1941","CX 12","136,000","2","1","1","23.008,63","0,06","973,080","0,03","816,000","68,0","11.504,32","23.008,63","23.008,63","0,06","21.387,12","21.377,84","23.008,63","0,00","0,00","0,00","0,00","0,00","0,00","0,00","0,00","0,00","0,00","0,00","0,00","0,00","0,00","0,00","0,00","1.630,79","21.377,84","0,00","289,24","1.332,27","0,00","0,00","13,0894","1.963,41","21.361,87","0,00","0,00","0,00","28,00"
"98,70","119908","LIMP.CIF L250 P200ML CREMOSO BRANCO : UNILEVER BRASIL LTDA HC","1941","CX 12","5.760,000","4","1","1","340.794,38","0,93","27.763,200","0,74","27.763,200","1.440,0","85.198,60","340.794,38","340.794,38","0,96","272.503,36","339.081,60","339.081,60","1.712,78","0,00","0,00","0,00","0,00","0,00","0,00","0,00","0,00","0,00","0,00","0,00","0,00","0,00","0,00","0,00","0,00","339.081,60","40.689,78","4.923,47","22.677,78","0,00","0,00","4,2497","129.177,10","293.736,91","0,00","0,00","0,00","28,00"
"99,38","109968","LIMP.CIF L450 P360ML CREMOSO BRANCO : UNILEVER BRASIL LTDA HC","1941","CX 12","2.713,000","7","1","1","247.689,10","0,68","23.386,060","0,62","23.386,060","387,6","35.384,16","247.689,10","247.689,10","0,70","198.055,37","246.443,51","246.443,51","1.245,59","0,00","0,00","0,00","0,00","0,00","0,00","0,00","0,00","0,00","0,00","0,00","0,00","0,00","0,00","0,00","0,00","246.443,51","29.573,23","3.578,36","16.482,14","0,00","0,00","6,3287","137.074,16","206.038,43","0,00","0,00","0,00","28,00"
"99,43","114709","TIRA MANC.BRILHANTE 2L UTILE. FLORAL : UNILEVER BRASIL LTDA HC","1941","CX 6","195,000","3","1","1","18.949,94","0,05","2.589,600","0,07","2.589,600","65,0","6.316,65","18.949,94","18.949,94","0,05","17.524,07","17.516,85","18.779,95","169,99","0,00","0,00","0,00","0,00","0,00","0,00","0,00","0,00","0,00","0,00","0,00","0,00","0,00","0,00","0,00","1.263,10","17.516,85","0,00","254,34","1.171,53","0,00","4.416,13","14,7316","2.916,86","17.235,96","0,00","0,00","0,00","28,00"
"99,53","114707","TIRA MANC.BRILHANTE 2L UTILE. FRESH : UNILEVER BRASIL LTDA HC","1941","CX 6","390,000","3","1","1","37.764,22","0,10","5.179,200","0,14","5.179,200","130,0","12.588,07","37.764,22","37.764,22","0,11","34.905,82","35.115,60","37.647,71","116,51","0,00","0,00","0,00","0,00","0,00","0,00","0,00","0,00","0,00","0,00","0,00","0,00","0,00","0,00","0,00","2.532,11","35.115,60","0,00","509,88","2.348,52","0,00","8.852,93","14,7467","5.426,77","34.507,21","0,00","0,00","0,00","29,50"
"99,54","114682","TIRA MANC.BRILHANTE 380G PO FLORAL : UNILEVER BRASIL LTDA HC","1941","CX 28","15,000","1","1","1","4.945,19","0,01","171,750","0,00","171,750","15,0","4.945,19","4.945,19","4.945,19","0,01","4.606,99","4.458,75","4.945,19","0,00","0,00","0,00","0,00","0,00","0,00","0,00","0,00","0,00","0,00","0,00","0,00","0,00","0,00","0,00","0,00","486,44","4.458,75","0,00","60,33","277,87","0,00","1.289,02","10,7390","558,43","4.510,36","0,00","0,00","0,00","37,00"
"99,55","111990","TIRA MANC.OMO 135ML ESPUMA : UNILEVER BRASIL LTDA HC","1941","CX 8","49,000","1","1","1","4.904,10","0,01","84,280","0,00","84,280","49,0","4.904,10","4.904,10","4.904,10","0,01","4.558,49","4.556,51","4.904,10","0,00","0,00","0,00","0,00","0,00","0,00","0,00","0,00","0,00","0,00","0,00","0,00","0,00","0,00","0,00","0,00","347,59","4.556,51","0,00","61,65","283,96","0,00","0,00","11,1423","89,14","4.367,76","0,00","0,00","0,00","28,00"
"99,60","110808","TIRA MANC.OMO EXT.PODER 380G PO R.BRANCAS SC : UNILEVER BRASIL LTDA HC","1941","CX 28","45,000","2","1","1","19.568,27","0,05","504,000","0,01","504,000","22,5","9.784,14","19.568,27","19.568,27","0,06","18.201,91","18.013,95","19.388,13","180,14","0,00","0,00","0,00","0,00","0,00","0,00","0,00","0,00","0,00","0,00","0,00","0,00","0,00","0,00","0,00","1.374,18","18.013,95","0,00","243,73","1.122,63","0,00","0,00","14,2154","13.447,74","17.911,37","0,00","0,00","0,00","28,00"
"99,65","108639","VIM CLORO GEL 700ML DESIN. FLORAL : UNILEVER BRASIL LTDA HC","1941","CX 12","162,000","2","1","1","17.714,16","0,05","1.574,640","0,04","1.574,640","81,0","8.857,08","17.714,16","17.714,16","0,05","13.181,99","17.714,16","17.714,16","0,00","0,00","0,00","0,00","0,00","0,00","0,00","0,00","0,00","0,00","0,00","0,00","0,00","0,00","0,00","0,00","0,00","17.714,16","3.188,55","239,67","1.103,95","0,00","0,00","6,7182","470,27","13.060,08","0,00","0,00","0,00","28,00"
"99,75","108640","VIM CLORO GEL 700ML DESIN. LAVANDA : UNILEVER BRASIL LTDA HC","1941","CX 12","324,000","2","1","1","35.359,20","0,10","3.149,280","0,08","3.149,280","162,0","17.679,60","35.359,20","35.359,20","0,10","26.312,54","35.359,20","35.359,20","0,00","0,00","0,00","0,00","0,00","0,00","0,00","0,00","0,00","0,00","0,00","0,00","0,00","0,00","0,00","0,00","0,00","35.359,20","6.364,66","478,41","2.203,59","0,00","0,00","6,6327","2.261,75","25.787,97","0,00","0,00","0,00","28,00"
"99,89","108641","VIM CLORO GEL 700ML DESIN. ORIGINAL : UNILEVER BRASIL LTDA HC","1941","CX 12","482,000","4","1","2","52.223,44","0,14","4.685,040","0,12","4.685,040","120,5","13.055,86","26.111,72","52.223,44","0,15","39.164,71","52.081,18","52.081,18","142,26","0,00","0,00","0,00","0,00","0,00","0,00","0,00","0,00","0,00","0,00","0,00","0,00","0,00","0,00","0,00","0,00","52.081,18","9.081,23","709,51","3.267,99","0,00","0,00","6,7195","7.404,87","38.865,50","0,00","0,00","0,00","28,00"
"99,95","119903","VIM CLORO GEL L700 P490ML : UNILEVER BRASIL LTDA HC","1941","CX 12","324,000","2","1","2","23.451,32","0,06","3.155,760","0,08","3.155,760","162,0","11.725,66","11.725,66","23.451,32","0,07","17.940,56","23.096,88","23.096,88","354,44","0,00","0,00","0,00","0,00","0,00","0,00","0,00","0,00","0,00","0,00","0,00","0,00","0,00","0,00","0,00","0,00","23.096,88","3.718,23","319,75","1.472,78","0,00","0,00","4,6163","373,92","17.948,07","0,00","0,00","0,00","28,00"
"","","TOTAL: 126 linhas","","","276.022,000","","126","162","36.556.140,62","","3.774.460,226","","3.758.930,706","","","","35.485.536,69","","32.650.490,96","32.856.057,31","36.399.823,08","156.317,54","0,00","1.070.603,93","0,00","0,00","0,00","0,00","0,00","0,00","0,00","0,00","0,00","0,00","0,00","0,00","0,00","3.543.765,77","32.856.057,31","213.232,15","467.674,86","2.154.138,71","0,00","94.601,54","10,2987","10.333.550,11","33.466.611,42","0,00","0,00","0,00","25,37"
